{"cameraMode":{"drawMode":0,"name":"Shaded","section":"Shading Mode"},"sceneLighting":true,"audioPlay":false,"sceneViewState":{"m_AlwaysRefresh":false,"showFog":true,"showSkybox":true,"showFlares":true,"showImageEffects":true,"showParticleSystems":true,"showVisualEffectGraphs":true,"m_FxEnabled":true},"in2DMode":false,"pivot":{"x":-1.318542718887329,"y":11.53757095336914,"z":-10.441339492797852},"rotation":{"x":0.0389857143163681,"y":-0.014988025650382042,"z":0.0005848294822499156,"w":0.9991268515586853},"size":5.122514247894287,"orthographic":false}