{"cameraMode":{"drawMode":0,"name":"Shaded","section":"Shading Mode"},"sceneLighting":true,"audioPlay":false,"sceneViewState":{"m_AlwaysRefresh":false,"showFog":true,"showSkybox":true,"showFlares":true,"showImageEffects":true,"showParticleSystems":true,"showVisualEffectGraphs":true,"m_FxEnabled":true},"in2DMode":false,"pivot":{"x":0.4316144287586212,"y":3.0625643730163576,"z":335.4609680175781},"rotation":{"x":0.19376634061336518,"y":-0.002943216124549508,"z":0.0005813099560327828,"w":0.98104327917099},"size":8.465165138244629,"orthographic":false}