{"cameraMode":{"drawMode":0,"name":"Shaded","section":"Shading Mode"},"sceneLighting":true,"audioPlay":false,"sceneViewState":{"m_AlwaysRefresh":false,"showFog":true,"showSkybox":true,"showFlares":true,"showImageEffects":true,"showParticleSystems":true,"showVisualEffectGraphs":true,"m_FxEnabled":true},"in2DMode":false,"pivot":{"x":269.42095947265627,"y":299.68096923828127,"z":67.48980712890625},"rotation":{"x":0.28549712896347048,"y":-0.09497467428445816,"z":-0.028444983065128328,"w":-0.9532387256622315},"size":309.8646240234375,"orthographic":false}