{"cameraMode":{"drawMode":0,"name":"Shaded","section":"Shading Mode"},"sceneLighting":false,"audioPlay":false,"sceneViewState":{"m_AlwaysRefresh":false,"showFog":true,"showSkybox":false,"showFlares":true,"showImageEffects":true,"showParticleSystems":true,"showVisualEffectGraphs":true,"m_FxEnabled":true},"in2DMode":false,"pivot":{"x":0.1323091983795166,"y":0.06617431342601776,"z":3.2817554473876955},"rotation":{"x":-0.40373119711875918,"y":-0.028657013550400735,"z":0.012654065154492855,"w":-0.9143370985984802},"size":1.4292478561401368,"orthographic":false}